Keyword,Rank,Page,URL
اتوپلاستی در کرج,8,1,https://drshayestehshahmirzadi.com/otoplasty/
اتوپلاستی در کرج,8,1,https://drshayestehshahmirzadi.com/otoplasty/
جراحی گوش در کرج,24,3,https://drshayestehshahmirzadi.com/otoplasty/
جراحی گوش در کرج,24,3,https://drshayestehshahmirzadi.com/otoplasty/
عمل گوش در کرج,16,2,https://drshayestehshahmirzadi.com/otoplasty/
عمل گوش در کرج,16,2,https://drshayestehshahmirzadi.com/otoplasty/
جراحی زیبایی گوش در کرج,16,2,https://drshayestehshahmirzadi.com/otoplasty/
جراحی زیبایی گوش در کرج,16,2,https://drshayestehshahmirzadi.com/otoplasty/
عمل زیبایی گوش در کرج,11,2,https://drshayestehshahmirzadi.com/otoplasty/
عمل زیبایی گوش در کرج,11,2,https://drshayestehshahmirzadi.com/otoplasty/
